{"branches": 20.175438596491226, "coverage": 34.511149228130364}